metric_id,categoria,nome,valor,unidade,fase,fonte,observacao
M001,status,Fase atual,6,fase,6,"Versus get_phase_state (currentPhase=6, currentIteration=1)","Fase 6 (Tests) aberta"
M002,status,Iteracao da fase atual,1,iteracao,6,"Versus get_phase_state (currentIteration=1)","Nenhuma fase passou de iteracao 1"
M003,status,Fases com gate de saida cruzado,6,fases,0-5,"GATES.md G0-03/G1-02/G2-02/G3-02/G4-04 + secao 'Fase 5 -> Fase 6' 2026-08-31T17:11:05Z","Fases 0,1,2,3,4,5"
M004,status,Score Fase 0,96,pontos/100,0,"GATES.md G0-01; Versus get_phase_state phase0Score=96","breakdown: clarezaProblema10 casosDeUso14 vocabulario10 ambiguidades13 foraDeEscopo10 criteriosSucesso9 premissas10 documentacao5 usuarioConfirmou10 iaConfiante5"
M005,status,Scores numericos registrados para Fases 1-6,0,scores,1-6,"Versus get_exit_criteria(1..6) - nenhum campo de score","Fases 1-6 usam apenas exit criteria booleanos; nao ha score numerico"
M006,status,Exit criteria Fase 0 atendidos,10/10,criterios,0,"Versus get_exit_criteria(0) met=10 total=10","ambiguities_zero marcado 'aceito' (5 ambiguidades tecnicas documentadas)"
M007,status,Exit criteria Fase 1 atendidos,8/8,criterios,1,"Versus get_exit_criteria(1) met=8 total=8",""
M008,status,Exit criteria Fase 2 atendidos,5/5,criterios,2,"Versus get_exit_criteria(2) met=5 total=5",""
M009,status,Exit criteria Fase 3 atendidos,4/4,criterios,3,"Versus get_exit_criteria(3) met=4 total=4",""
M010,status,Exit criteria Fase 4 atendidos,2/2,criterios,4,"Versus get_exit_criteria(4) met=2 total=2","check_all_safeguards retornou apenas S2/S4 como aplicaveis"
M011,status,Exit criteria Fase 5 atendidos,4/4,criterios,5,"Versus get_exit_criteria(5) met=4 total=4","ui_runnable atendido via smoke tests P0021-P0031 (D0073); push FCM tratado a parte (D0051)"
M012,status,Exit criteria Fase 6 atendidos,1/3,criterios,6,"Versus get_exit_criteria(6) met=1 total=3","tests_passing met=true; manual_testing e edge_cases met=false"
M013,status,Gates de fase reprovados,0,gates,0-5,"GATES.md - todas as transicoes advance_phase retornaram sucesso","G4-04: 1a tentativa de advance_phase(5) falhou por missingCriteria (exit criteria nao marcados), sucesso apos correcao"
M014,status,Loop 2<->3 executado,1,vezes,2-3,"GATES.md linha 113-116; D0028","Sem retorno a Fase 2 (mudanca estrutural 4,3% e 0 criticos < limiar)"
M015,arquitetura,Modulos na proposta inicial (rejeitada),11,modulos,1,"D0022; GATES.md nota G1 (versao de 11 nao escrita em arquivo)","Rejeitada pelo VA-human por granularidade (P0005)"
M016,arquitetura,Modulos na versao V(1) aprovada,22,modulos,1,"D0023; specs/technical/architecture.md tabela V(1)","12 dominio/infra + 10 apresentacao"
M017,arquitetura,Modulos na versao V(2) corrente,23,modulos,3,"D0027; specs/technical/architecture.md tabela V(2)","V(1) + M-23 diagnostics"
M018,arquitetura,Mudanca estrutural V(1)->V(2),4.3,por_cento,3,"D0027; architecture.md 'Mudanca estrutural V(1)->V(2)'","1 modulo adicionado / 23; 0 removidos; 0 fronteiras/dependencias redesenhadas"
M019,arquitetura,Premissas numeradas na arquitetura,11,premissas,1-3,"specs/validation/premise-coverage.md (A-1..A-11); architecture.md","A-1..A-8 em V(1); A-9/A-10/A-11 acrescentadas em V(2)"
M020,fase2,Achados adversariais totais (Fase 2),35,achados,2,"D0026; Versus get_exit_criteria(2) coverage_matrix 'details'","specs/design/coverage-matrix.md"
M021,fase2,Achados criticos,8,achados,2,"D0026; get_exit_criteria(2) criticals_identified; specs/validation/critical-coverage.md (8 ids)","AS-02 AR-03 SE-01 SE-02 RS-01 RS-03 OB-01 LG-01"
M022,fase2,Achados importantes,21,achados,2,"D0026; get_exit_criteria(3) important_decided",""
M023,fase2,Achados sugestao,6,achados,2,"D0026; D0027",""
M024,fase3,Criticos resolvidos,8/8,achados,3,"D0027; get_exit_criteria(3) criticals_addressed",""
M025,fase3,Importantes resolvidos por refinamento de interface,13,achados,3,"D0027; get_exit_criteria(3) important_decided",""
M026,fase3,Importantes aceitos com justificativa,8,achados,3,"D0027; get_exit_criteria(3) important_decided","13+8=21"
M027,fase3,Sugestoes adiadas para v2.0,6,achados,3,"D0027","Fora deste ciclo"
M028,interacao,Prompts com ID atribuido,35,ids,0-6,"research/PROMPT_LOG/ (P0001..P0035) + RESEARCH_LOG.md (entrada P0014)","P0036 = este relatorio (36o); ver M029"
M029,interacao,Arquivos em PROMPT_LOG antes de P0036,34,arquivos,0-6,"ls research/PROMPT_LOG/*.md","P0014.md AUSENTE (entrada P0014 existe em RESEARCH_LOG.md sem arquivo de prompt)"
M030,interacao,Decisoes registradas no Versus,75,decisoes,0-6,"Versus get_decisions count=75","Ultima 2026-08-31T22:50:22Z (P0035)"
M031,interacao,Entradas em research/DECISIONS.md,73,entradas,0-5,"research/DECISIONS.md (D0001..D0073)","D0049 AUSENTE da tabela (referenciada em D0050); D0074+ (Fase 6) NAO espelhadas - DECISIONS.md desatualizada para a Fase 6"
M032,interacao,Decisoes Versus - Fase 0,14,decisoes,0,"Versus get_decisions (tally por phase)",""
M033,interacao,Decisoes Versus - Fase 1,4,decisoes,1,"Versus get_decisions (tally por phase)",""
M034,interacao,Decisoes Versus - Fase 2,1,decisoes,2,"Versus get_decisions (tally por phase)",""
M035,interacao,Decisoes Versus - Fase 3,1,decisoes,3,"Versus get_decisions (tally por phase)",""
M036,interacao,Decisoes Versus - Fase 4,1,decisoes,4,"Versus get_decisions (tally por phase)",""
M037,interacao,Decisoes Versus - Fase 5,45,decisoes,5,"Versus get_decisions (tally por phase)","architecture 9 / diagnosis 25 / process 6 / scope 3 / testing 2"
M038,interacao,Decisoes Versus - Fase 6,9,decisoes,6,"Versus get_decisions (tally por phase)","testing 7 / diagnosis 1 / spec-coverage 1"
M039,interacao,Decisoes Versus categoria diagnosis,26,decisoes,0-6,"Versus get_decisions (tally por category)","25 na Fase 5 + 1 na Fase 6"
M040,interacao,Decisoes Versus categoria architecture,14,decisoes,0-6,"Versus get_decisions (tally por category)",""
M041,interacao,Decisoes Versus categoria testing,9,decisoes,0-6,"Versus get_decisions (tally por category)",""
M042,interacao,Decisoes Versus categoria process,8,decisoes,0-6,"Versus get_decisions (tally por category)",""
M043,interacao,Decisoes Versus categoria scope,5,decisoes,0-6,"Versus get_decisions (tally por category)",""
M044,interacao,Decisoes Versus categoria requirement,4,decisoes,0-6,"Versus get_decisions (tally por category)",""
M045,interacao,Decisoes Versus categoria constraint,4,decisoes,0-6,"Versus get_decisions (tally por category)",""
M046,interacao,Decisoes Versus categoria technology,2,decisoes,0-6,"Versus get_decisions (tally por category)",""
M047,interacao,Decisoes Versus categoria pattern,2,decisoes,0-6,"Versus get_decisions (tally por category)",""
M048,interacao,Decisoes Versus categoria spec-coverage,1,decisoes,0-6,"Versus get_decisions (tally por category)",""
M049,interacao,Linhas de DECISIONS.md com autor 'VA-human' na coluna,31,linhas,0-5,"grep '| VA-human' research/DECISIONS.md","Proxy de decisoes atribuidas explicitamente ao humano; nao e contagem de interacoes"
M050,interacao,Mencoes a AskUserQuestion em RESEARCH_LOG.md,17,mencoes,0-6,"grep -c AskUserQuestion research/RESEARCH_LOG.md","Proxy de perguntas estruturadas ao VA-human"
M051,interacao,Rejeicoes/ajustes explicitos de proposta do GA pelo VA-human,3,eventos,0-6,"D0020 (Teach-Back rejeitado); D0022 (decomposicao 11 modulos rejeitada); P0035 (aprovado so a mudanca A de 4 propostas)","Contagem conservadora; nao inclui refutacoes empiricas via smoke test"
M052,interacao,Aprovacoes post-hoc,1,eventos,3-5,"D0033 / P0009 ('APROVACAO POST HOC DE M-23')","M-23 introduzido na Fase 3 sem aprovacao humana isolada dedicada; aprovado isoladamente so na Fase 5"
M053,interacao,Anomalias / desvios de processo registrados,10,itens,0-6,"ver FINDINGS_CURRENT.csv tipo=processo/versus/agente","Enumeracao no relatorio; alguns sao limitacoes de ferramenta"
M054,implementacao,Modulos implementados,23/23,modulos,5,"Versus get_exit_criteria(5) all_modules; D0042","M-01..M-22 + M-23"
M055,implementacao,Modulos compilados (Package completo BUILD SUCCEEDED),23/23,modulos,5,"D0040; D0042; RESEARCH_LOG.md","+ App target ESJUDApp.xcodeproj BUILD SUCCEEDED"
M056,implementacao,Mencoes 'BUILD SUCCEEDED' em RESEARCH_LOG.md,70,mencoes,5-6,"grep -c 'BUILD SUCCEEDED' research/RESEARCH_LOG.md","Nao e contagem de builds distintos - varias mencoes referenciam o mesmo build; ver observacao"
M057,implementacao,'BUILD FAILED' reais em RESEARCH_LOG.md,1,eventos,5,"RESEARCH_LOG.md linhas ~553 e ~1020 (mesmo evento); D0024/decisao Versus #24","M-07 cert-ext: 'method cannot be declared public because its result uses an internal type' (PessoaExtData sem public); corrigido -> BUILD SUCCEEDED"
M058,implementacao,Crashes reproduziveis de ferramenta (IDESwiftPackageCore),3,eventos,5,"D0045; D0046; Versus decisoes #38/#39","Firebase SDK via SPM/XCLocalSwiftPackageReference; mesma assinatura NSInvalidArgumentException; 3 reproducoes"
M058b,implementacao,Contagem total exata de invocacoes de build,NA,builds,5-6,"nao enumerada de forma auditavel nos registros","Um checkpoint (RESEARCH_LOG ~linha 1012) lista xcodebuild build x7 + xcodebuild -list x3 + ESJUDApp build x2, mas nao ha total consolidado"
M059,implementacao,Defeitos funcionais reais encontrados na Fase 5,11,defeitos,5,"D0052 D0053 D0054/D0055 D0057 D0061(x3) D0065(x2) D0053(nome) D0070(x2)","Firebase crash; mTLS delegate; PKCS12 senha vazia; HTTP/2 coalescing; Certidao PDF descartado; CertExt wiring; AVA fallback; Certificados campo pessoa; CPF sem mascara; nome na Home; sessao nao persiste + logout nunca chamado"
M060,implementacao,Correcoes aplicadas na Fase 5,12,correcoes,5,"D0052 D0053 D0055 D0058 D0062 D0063 D0064 D0066 D0067 D0068 D0069 D0070","Inclui refinamento visual D0068"
M061,implementacao,Correcoes aplicadas na Fase 6,3,correcoes,6,"RESEARCH_LOG P0032 (AAABootstrap + 2 erros de compilacao); P0033 (captura de CPF + extractMessage JSON); P0035 (observabilidade)","Correcao causal do UC-3 (timeout/modelo) NAO aplicada - so a mudanca A (P0035)"
M062,implementacao,Regressoes de produto confirmadas,0,regressoes,5-6,"D0073 (todos os fluxos P0 PASS reais apos correcoes D0057-D0072)","Fase 6: 3 atualizacoes de expectativa de teste apos mudanca intencional de comportamento (P0033 x2, P0035 x1) - nao sao regressoes de produto"
M063,implementacao,Modulos adicionados/removidos apos o Gate G4,0,modulos,5,"specs/technical/architecture.md (grafo V(2) inalterado); D0050 (M-11 mantido agnostico)","M-23 foi adicionado na Fase 3 (antes de G4); alteracoes pos-G4 sao ampliacoes de API dentro de modulos existentes + Firebase via XCFramework no app target"
M064,testes,Suites automatizadas antes da Fase 6,0,suites,0-5,"research/RESEARCH_LOG.md; STUDY_PROTOCOL.md ('nenhuma metrica coletada')","Nenhum XCTest ate a Fase 6"
M065,testes,Tamanho da suite - rodada P0032 (verde),67,testes,6,"RESEARCH_LOG P0032; Versus decisao #69/#70; get_exit_criteria(6) tests_passing details","Rodada 1: 66 executados / 8 falhas (AdminFeedTests); rodada 2: 67 / 0 falhas (engine-witnessed 2026-08-31T17:49:41Z)"
M066,testes,Tamanho da suite - apos P0033,74,testes,6,"RESEARCH_LOG 'P0033 (cont.)' ('74 = 67 + 7 novos')","Rodada 1: 2 falhas; rodada 2: 74 / 0 falhas"
M067,testes,Tamanho da suite - apos P0035 (atual),78,testes,6,"RESEARCH_LOG P0035 ('78 testes, 0 falhas, ** TEST SUCCEEDED **')","Rodada 1: 1 falha; rodada 2: 78 / 0 falhas"
M068,testes,Falhas no total atual,0,testes,6,"RESEARCH_LOG P0035; xcodebuild test output 'Executed 78 tests, with 0 failures'",""
M069,testes,Ciclos de rerun documentados na Fase 6,3,ciclos,6,"RESEARCH_LOG P0032 / P0033(cont.) / P0035","Cada ciclo: 1a rodada vermelha -> correcao -> 2a rodada verde"
M070,testes,Testes positivos (snapshot 67 testes),40,testes,6,"Versus decisao #69 spec-coverage ('positivos ~ 40')","Aproximado; nao recalculado para 74/78"
M071,testes,Testes negativos (snapshot 67 testes),27,testes,6,"Versus decisao #69 spec-coverage ('negativos ~ 27'; razao ~1:1,5)","Aproximado; acima do minimo 1:2 do protocolo"
M072,testes,Fixtures/datasets JSON,16,arquivos,6,"ls specs/datasets/*.json","+ README.md"
M073,testes,Fixtures marcados REAL (resposta de producao),4,arquivos,6,"specs/datasets/README.md","certificados-producao-real; cert-ext-obter-pessoa-nao-encontrada; cert-ext-obter-pessoa-encontrada; inscricao-formulario-400"
M074,testes,Fixtures sinteticos,12,arquivos,6,"specs/datasets/README.md (16 - 4)",""
M075,testes,Criterios VAL definidos,43,criterios,6,"specs/validation/criterios-de-validacao.md (VAL-1..VAL-43)","VAL-41/42/43 acrescentados em P0033/P0035"
M076,testes,Casos de uso da Fase 0 (UC),12,casos,0,"specs/validation/criterios-de-validacao.md (UC-1..UC-12)","5 casos de uso 'principais' na Fase 0 (Login/Inscricao/Certificados/Certidao/CertExt) - get_exit_criteria(0) use_cases_complete; 12 na formalizacao da Fase 6"
M077,testes,VAL cobertos automaticamente (snapshot spec-coverage),34/40,criterios,6,"Versus decisao #69 spec-coverage ('34/40 VAL cobertos automaticamente')","Snapshot de 67 testes; VAL-41/42/43 posteriores tem testes mas nao ha contagem formal atualizada registrada"
M078,testes,VAL marcados como manuais/GAP,5,criterios,6,"specs/validation/criterios-de-validacao.md secao 'Fora de cobertura'","VAL-4; VAL-5 (metade Keychain); VAL-35; VAL-36; VAL-40"
M079,testes,Achados criticos com linha em critical-coverage.md,8/8,achados,6,"specs/validation/critical-coverage.md (AR-03 AS-02 LG-01 OB-01 RS-01 RS-03 SE-01 SE-02)","SE-01 e SE-02/A-11 sem teste de regressao, com motivo declarado"
M080,testes,Rodadas de smoke test P0 (execucao humana),8,rodadas,5,"RESEARCH_LOG P0017 P0018 P0019 P0020 P0021 P0023 P0025 P0031","+ validacao manual parcial em P0030 (passos A-D)"
M081,testes,Passadas exploratorias manuais dedicadas (Fase 6),1,passadas,6,"RESEARCH_LOG P0032 (plano) / P0033 / P0034","Em curso e PARCIAL: 2 relatos de FAIL no UC-3; nenhum UC marcado PASS manual"
M082,testes,Falhas encontradas SO por teste manual/humano,13,falhas,5-6,"todas as 8 rodadas de smoke P0 + UC-3 (P0033) + UC-3 persistente (P0034)","O codigo compilava (BUILD SUCCEEDED) em todos os casos"
M083,testes,Falhas encontradas SO por teste automatizado,4,falhas,6,"RESEARCH_LOG P0032 (AdminFeedTests 8 falhas = 1 causa) + P0033 (2 atualizacoes de expectativa) + P0035 (1)","AdminFeedTests: quirk de 1o uso de URLProtocol; as demais sao ajustes de teste apos mudanca de comportamento"
M084,testes,Falhas encontradas por autorrevisao do GA antes de compilar,1,falhas,5,"D0041 / decisao Versus #33 ('FALHA DE INTEGRACAO REAL ENCONTRADA E CORRIGIDA (micro-check adversarial ...) ... Nenhuma tentativa de build foi feita com o codigo incorreto')","Placeholder sem sentido para token do Moodle + CPFs hardcoded sem via de edicao"
M085,retrabalho,Diagnosticos posteriormente refutados/corrigidos,3,diagnosticos,5-6,"D0054->D0055 ([cifra legada] refutado; causa real = senha vazia); D0053 insuficiente->D0054; D0057 ('Certificados NAO CONFIRMADO')->D0065 (campo pessoa confirmado)","P0033 (CPF wiring) correto mas insuficiente -> P0034"
M086,retrabalho,Decisoes revisadas por nova entrada,5,decisoes,0-6,"D0020->sintese revisada; D0022->D0023; D0054->D0055; D0072->D0073; P0033->P0034->P0035","Historico preservado (nenhuma editada/apagada)"
M087,retrabalho,Ciclos 'falha->diagnostico->correcao->novo teste' fechados,5,ciclos,5,"RESEARCH_LOG P0017-P0026 (Firebase; mTLS+nome; PKCS12; HTTP/2 coalescing+frentes; Certidao/CertExt/AVA; Certificados/CPF)","Agrupamento conservador; + 1 ciclo ABERTO na Fase 6 (UC-3): P0033 correcao -> P0034 falha -> P0035 observabilidade -> reteste pendente"
M088,retrabalho,Problemas encontrados so apos build verde,12,problemas,5-6,"todos os 11 defeitos funcionais da Fase 5 (M059) + UC-3 da Fase 6","O compilador aceitava o codigo; so execucao humana/manual revelou"
M089,retrabalho,Problemas encontrados so apos testes automatizados verdes,1,problemas,6,"UC-3 (P0033/P0034): suite de 67/74/78 testes verde; defeito 'formulario nao carrega' so no teste manual - testes usavam urlCurso e CPF fake, nunca o caminho real","Tambem o achado de P0034 (timeout de cliente 30s vs 120s Android) persiste com 78 testes verdes"
M090,temporal,Timestamp de inicio do estudo,2026-08-26T21:52:28Z,UTC,0,"STUDY_PROTOCOL.md; RESEARCH_LOG.md P0001",""
M091,temporal,Gate Fase 0 -> Fase 1,2026-08-26T23:36:39Z,UTC,0-1,"GATES.md G0-03",""
M092,temporal,Gate Fase 1 -> Fase 2,2026-08-29T16:39:59Z,UTC,1-2,"GATES.md G1-02",""
M093,temporal,Gate Fase 2 -> Fase 3,2026-08-29T16:54:06Z,UTC,2-3,"GATES.md G2-02","G2-01/G2-02/G3-01/G3-02 registrados no mesmo timestamp"
M094,temporal,Gate Fase 3 -> Fase 4,2026-08-29T16:54:06Z,UTC,3-4,"GATES.md G3-02","Mesmo timestamp de G2 - duracao da Fase 3 nao isolavel"
M095,temporal,Gate Fase 4 -> Fase 5,2026-08-29T16:56:14Z,UTC,4-5,"GATES.md G4-04",""
M096,temporal,Fase 5 pausada (pre-implementacao ambiente),2026-08-29T21:39:29Z,UTC,5,"GATES.md 'Fase 5 - PAUSADA'; D0029",""
M097,temporal,Fase 5 retomada (Xcode instalado),2026-08-29T21:40:49Z,UTC,5,"ENVIRONMENT.md atualizacao; D0030",""
M098,temporal,Gate Fase 5 -> Fase 6,2026-08-31T17:11:05Z,UTC,5-6,"GATES.md secao '2026-08-31T17:11:05Z'",""
M099,temporal,Gate criterio Fase 6 tests_passing,2026-08-31T17:49:41Z,UTC,6,"GATES.md; Versus lastTestOutcome at=2026-08-31T17:49:41.033Z",""
M100,temporal,Ultima decisao registrada,2026-08-31T22:50:22Z,UTC,6,"Versus get_decisions ultimo timestamp (P0035)",""
M101,temporal,Span calendario Fase 0 (1a decisao P0 -> gate),PT1H12M52S,duracao,0,"M090b 2026-08-26T22:23:47Z (D0007) -> M091 2026-08-26T23:36:39Z","Trabalho ativo em sessao unica; span de research-init ao gate = ~1h44m"
M102,temporal,Span calendario Fase 1 (entrada gate -> saida gate),P2DT17H3M20S,duracao,1,"M091 -> M092","Inclui ~2,7 dias sem atividade (P0005 executado em 2026-08-29); trabalho ativo de Fase 1 na sessao de 2026-08-29 ~16:31-16:40 (~9 min) + proposta rejeitada de 11 modulos"
M103,temporal,Span calendario Fase 2 (entrada -> saida),PT14M7S,duracao,2,"M092 -> M093",""
M104,temporal,Span calendario Fase 3,NA,duracao,3,"M093 e M094 tem o mesmo timestamp","Nao isolavel - gates G2 e G3 registrados juntos"
M105,temporal,Span calendario Fase 4,PT2M8S,duracao,4,"M094 -> M095",""
M106,temporal,Span calendario Fase 5 (entrada gate -> saida gate),P1DT20H14M51S,duracao,5,"M095 2026-08-29T16:56:14Z -> M098 2026-08-31T17:11:05Z","Fortemente pontuado por lacunas entre sessoes (instalacao de Xcode; tentativa manual de Firebase pelo VA-human ~19h de gap 2026-08-30 01:04->19:39; etc.). NAO representa esforco continuo"
M107,temporal,Span calendario Fase 6 ate este relatorio,~2d21h+,duracao,6,"M098 2026-08-31T17:11:05Z -> P0036 2026-09-02T14:42:49Z","Fase 6 ABERTA (2/3 criterios pendentes)"
M108,temporal,Duracao de implementacao / correcao / testes isoladas,NA,duracao,5-6,"RESEARCH_LOG registra timestamp por ENTRADA, nao por mensagem/acao","Nao calculavel com os registros atuais - nao ha marcacao de tempo de esforco por atividade"
M109,temporal,Quantidade de sessoes de chat,NA,sessoes,0-6,"nao rotulado nos registros","Estimavel por agrupamento de timestamps (>= 9-10 janelas distintas) mas NAO e um dado observado; ver M110"
M110,temporal,Eventos explicitos de pausa/retomada/renovacao registrados,4,eventos,5-6,"D0029/D0030 (pausa+retomada ambiente); D0032 (pausa checkpoint 7/23); D0047 (pausa Firebase manual); Versus decisao #67 + RESEARCH_LOG P0032 (renovacao de sessao 'retomar Versus')",""
M111,temporal,Retomadas pos-compactacao de contexto (esta sessao),>=1,eventos,6,"system-reminder 'your response above was cut off' + instrucao de retomada nesta sessao","Nao ha um contador persistente de compactacoes"
